Country Name;Country Code;2015;2016;2017;2018;2019;2020;2021;2022;2023;2024
China;CHN;18577514881891,30;19647292057520,20;20974552138879,60;22862470132646,10;24777565958500,90;25777238693451,80;29438240129870,10;32525464028395,10;35520435397067,70;38190084585497,80
United States;USA;18295019000000,00;18804913000000,00;19612102000000,00;20656516000000,00;21539981999999,90;21354104999999,90;23681171000000,00;26006893000000,00;27720709000000,00;29184890000000,10
India;IND;7204580698460,80;7795524017465,34;8354710136357,47;9230789424534,98;9932850520576,54;9771021183358,88;11384367630967,90;13124053155136,10;14845911292307,90;16190819718797,50
Russian Federation;RUS;3526235948513,73;3538975998887,58;3807101264909,25;4231842328030,95;4579553861372,40;4651428694918,23;5688268314339,54;6006312352159,35;6476475754986,43;6921249292202,15
Japan;JPN;5200905340128,50;5158900389806,62;5262254961496,84;5344060957173,06;5404462313923,94;5356710635860,81;5574650884739,54;5930403853110,90;6212962918547,56;6407671854496,88
Germany;DEU;3966574668375,51;4246712764148,14;4472591345398,59;4665360433368,50;4924980320308,75;4880368289108,08;5202314428956,09;5663892390556,96;5763465942185,64;6037851748487,12
Brazil;BRA;2989121457677,60;2907889886422,24;2980287463645,10;3187189640213,37;3333775621511,96;3359777233364,89;3787769507585,78;4180229770180,59;4471035569136,80;4734651403044,36
Indonesia;IDN;2625201734355,44;2715764060542,74;2857305082359,12;3069918631697,01;3266185831776,73;3223404542894,60;3530623140454,75;3983074391531,86;4334743944551,08;4662887595103,26
France;FRA;2722896108490,27;2861145268728,43;2975787193760,88;3114875305157,86;3445276604424,65;3345024904336,18;3562923665911,39;3823961003427,32;3982377923514,52;4201559866305,39
United Kingdom;GBR;2767977872942,74;2892297884267,13;3041891554350,64;3129649825363,45;3335878386954,67;3219066303872,09;3416480549650,65;3957840318954,80;3966748015298,24;4196506479513,42
Turkiye;TUR;2022939852651,27;2116397789617,20;2264269908091,15;2303774665903,06;2350308130312,31;2391489351774,66;2637031078345,11;3322805935564,67;3611520825480,45;3757012846422,01
Italy;ITA;2252253163528,53;2433618302347,89;2528635516998,96;2609651815348,66;2787073032822,59;2641203589480,81;2946333608376,65;3319366253339,18;3415333338674,66;3589121540312,88
Mexico;MEX;2309495216430,19;2457812552694,79;2528308608734,21;2606266095020,21;2636530051952,24;2454084724796,82;2652858835981,85;3006940450744,82;3224627506520,01;3361570175385,56
Spain;ESP;1635832322642,58;1747416921343,70;1854710948435,34;1918771506082,64;2075228716950,46;1862544224980,41;2099468112223,22;2411673616292,85;2573555479216,76;2778406789838,98
Canada;CAN;1594900336857,89;1678092366067,55;1765762548007,76;1852985933143,48;1899695367283,60;1847837502049,20;2179485548675,88;2475481278941,65;2583898469288,89;2702879648009,75
Saudi Arabia;SAU;1608022150954,67;1545761853587,76;1645531261860,11;1792988810566,04;1790607498345,21;1499327559869,91;1929888259783,05;2315588932554,49;2411929204431,52;2514913068784,39
Egypt, Arab Rep.;EGY;1085943366513,33;1084107404691,64;1153591166057,27;1302980395024,57;1437311654157,39;1665073256894,19;1728601012503,64;1973837735890,74;2121756770377,81;2225198389821,18
Australia;AUS;1101816795436,34;1143265965868,50;1189571541596,14;1252748396187,98;1334462906706,38;1384652202439,55;1494437295625,78;1713614547048,26;1879379921223,82;1936797839321,65
Poland;POL;1025456140420,47;1076820000427,04;1145711205425,05;1228297337147,81;1362291050579,99;1391432848266,15;1518447457166,84;1696649925504,66;1715410382146,69;1841555375507,14
Thailand;THA;1113921789913,93;1181322173179,74;1250522147488,09;1347310632514,94;1427827121310,44;1372918881143,84;1451959884645,39;1595614286791,42;1686384776706,79;1770790698282,56
Iran, Islamic Rep.;IRN;1131039620719,18;1221422583406,80;1281375169176,87;1277953990214,69;1162001171464,40;1237805777178,19;1322577157396,53;1470380001563,54;1600138337693,92;1688651728561,70
Bangladesh;BGD;671359529456,48;736379109928,49;791891204668,82;897767805988,76;997249695284,32;1104316059486,83;1247561124482,20;1431395376250,57;1568541874255,92;1674316179059,49
Viet Nam;VNM;712101202507,93;787204623262,45;872747364096,31;963332818078,27;1071756124195,50;1138632490789,12;1192059299524,62;1386074827447,82;1508682497102,43;1654734391083,39
Pakistan;PAK;973520332591,72;1019403996557,85;1069378806760,21;1129963710339,00;1162667379542,97;1186293820824,83;1285342890384,16;1442774797327,02;1494096011172,99;1579724190316,89
Netherlands;NLD;863433778608,75;905370307047,10;959996164418,59;1013551388032,40;1081370572466,31;1091779125681,31;1202303330254,13;1365670124059,38;1399872810238,12;1515446904606,01
Nigeria;NGA;989482934627,14;981583396343,35;1000651050046,71;1041739008970,11;1123347541616,20;1145672541683,20;1200097354375,41;1327463569776,87;1414565464577,30;1498412309012,06
Argentina;ARG;865155580188,78;882649216798,35;1035699067575,93;1090043170151,08;1057633159930,82;1011999397129,76;1191725417699,43;1343969240640,99;1369900046451,38;1378906089397,47
Malaysia;MYS;766027917953,28;803828295814,36;854693620881,57;914713180247,42;967567806880,74;931106663877,47;1022398815013,98;1192353239707,87;1279178242678,17;1377111092000,87
Philippines;PHL;726055887752,64;787994332750,17;840500711155,12;914882799585,10;988832200540,15;923366701020,76;1001824458376,10;1154612182082,28;1262175096006,69;1366276178143,49
Colombia;COL;626205847138,12;665398390495,01;693117074956,62;747103674534,63;807590595866,73;785737564322,41;889808627041,40;1070755175690,69;1095839760556,08;1136771232492,38
Romania;ROU;428618003572,13;470976157183,80;527779211230,48;576157161634,81;651626633701,77;662450441783,25;721482377389,38;804125351673,55;872344937917,81;928908990262,03
Singapore;SGP;482409671479,02;504104924057,74;537340573560,54;586215721477,78;600787105909,49;577213563024,15;723237492898,22;806629380658,06;850875741862,08;909690217412,88
Belgium;BEL;519562781951,13;548605717461,09;571670659099,52;599540192091,15;651568428663,06;647547562363,42;702925341289,82;796097823446,67;814029729290,60;856629284653,93
United Arab Emirates;ARE;609998221091,02;604925118660,42;627578031229,29;701667873659,97;726238678138,08;614384479773,47;645375981350,20;743309077886,72;797922323198,50;847957424147,98
Switzerland;CHE;540696214191,36;563950610001,63;576360598319,81;601867859451,37;632274562999,59;630567393919,54;705080509164,28;801577494672,78;804425726191,75;847567772890,85
Kazakhstan;KAZ;406611059018,01;422786764645,62;447143865260,69;475138151280,59;551108130794,88;565757228613,76;650469813945,99;719143972705,05;783017688189,35;840445512071,74
Algeria;DZA;552563707135,00;548945698735,39;562537088659,90;583471998103,51;601470923945,21;558300141593,95;648895630480,26;720184226953,65;776689344138,30;821720979879,89
Sweden;SWE;478054809710,97;499029649583,47;517711152885,82;540532181742,57;586373975348,37;595211778250,69;653401537327,89;696077173608,22;708681710101,32;750771294152,11
Ireland;IRL;336695182891,50;347739763486,59;388369654017,79;422696075807,80;457946413933,01;492886866396,89;597445848156,99;709490152389,07;662924221900,41;705755786877,78
Chile;CHL;405311397644,14;424831691025,60;450891850914,83;478093905184,17;491687970151,70;491062045094,55;565981846554,52;602631465819,44;644836890413,86;684594682203,97
Iraq;IRQ;350607538727,12;349270949154,25;400912993904,79;484572670623,27;504546085405,45;445338053116,05;548372044650,92;634224994897,80;660448460341,75;665966378219,47
Austria;AUT;428354580959,91;457782737463,17;473923403470,15;500696126093,05;535946931732,61;521841933098,15;563937063927,26;639574811164,39;643595441773,68;657343622086,77
Ukraine;UKR;431227247239,32;469908642632,23;496521669473,45;537198415902,32;604396090412,30;656105592902,92;746470597165,44;569710531654,79;622877549405,73;656527758167,99
Czechia;CZE;359643570544,50;385090482980,63;416849081359,13;442610888485,24;486786860810,41;479686413475,52;502134232985,64;551853486423,14;578154104196,06;618168364251,94
Peru;PER;353319959252,52;372451971818,88;394435327375,37;417164014966,50;440127331383,88;412561044537,26;506640152835,22;558007303167,35;575755500916,11;609160441707,41
Small states;SST;309379284069,46;321696777105,34;343769604168,12;362743680540,57;391517102269,87;370601494408,47;416569170741,93;480602815185,76;517630630788,51;571199477831,85
Hong Kong SAR, China;HKG;408626637207,14;416436291872,85;438127783294,24;453865391644,54;459644295764,89;435300511002,66;488411631115,75;503958247509,74;538875248007,03;565930796570,72
Norway;NOR;315229572404,50;310303329051,28;340837019722,40;373182530590,83;379377632591,48;361019819522,16;481254696871,48;672046133630,96;554373266075,45;562975486235,51
Israel;ISR;300585585980,46;326364570143,79;343921515244,16;356999652016,67;374158164922,83;377407052497,65;432603337813,42;511940108074,61;525948204389,14;555481708109,95
Portugal;PRT;306764323945,35;326173486566,70;339609538500,02;358872472764,77;389495112468,61;370352154969,93;400564219793,07;464925463530,28;501685643184,29;541680354802,56
Denmark;DNK;277981042931,12;296830932013,31;318639654733,58;331590779599,81;352324705726,53;365525756328,66;408303200976,80;456897040142,03;438513061150,91;475256247950,47
Greece;GRC;287996160333,19;296388230996,64;308462278341,89;319754656488,28;342312014300,19;315962662965,28;354397719330,58;406715086017,97;428522833617,81;457879263225,25
Hungary;HUN;264000114278,86;275019599716,58;289157120615,01;313129747062,98;345399739504,72;344108181960,69;374519891736,62;422741088429,77;435174441789,90;455509390728,31
Ethiopia;ETH;169575372912,62;198234264745,13;219853609796,20;236067178129,63;259534702292,27;286209788226,36;316145121458,38;356708609996,74;393913047366,85;432956582272,74
Uzbekistan;UZB;209082432928,01;216467147312,95;248762687744,27;263156175277,91;281653051331,45;283862781607,33;316673503929,41;359610275444,80;395989161090,91;431926264607,89
Morocco;MAR;273699865546,22;278969225512,90;291813531443,92;283691175471,35;295693593669,82;286108585852,48;323485096796,56;351840396847,18;376906204043,99;398513761721,12
Kenya;KEN;173206956148,63;188546457052,59;205511364865,14;221491717233,00;240006995767,66;250255393335,36;284129273925,39;319179328511,24;349035957917,85;373549891750,11
Finland;FIN;231615508030,82;244883896491,64;260179677811,91;271632312186,53;288648091314,83;294705726881,03;314676442275,46;340851311803,99;344041186768,17;361295951878,51
Qatar;QAT;240424800591,96;222778394716,76;252948449980,88;283965164161,23;283662144439,19;229537462611,12;292655073655,39;326640697729,82;342411792316,80;360400243355,57
Sri Lanka;LKA;256403786039,43;277383189833,41;291985462544,99;307237748359,21;307704703449,53;283651681999,95;317188291991,22;314829453164,92;318559256926,75;342603896900,93
Myanmar;MMR;227790290910,88;229647106575,79;244240022243,58;291745887545,29;321180596449,63;304367346941,67;276462287916,21;308130563643,83;322277844296,53;326862397165,76
Angola;AGO;200475818990,04;199721223732,14;211424030475,15;229965233516,95;243736138717,60;215784887951,05;255820605533,99;282403642417,85;295719779328,45;316269278905,42
Belarus;BLR;171562717858,93;168862491607,69;174175435650,67;189020934305,57;210075611346,39;233301042735,65;256855349956,29;262349397260,19;283005268450,19;301471103995,53
New Zealand;NZL;173212160480,61;188511791745,78;203343352255,38;208409180577,66;225047523389,30;230861725700,25;245325429880,08;274518817915,02;282465277069,75;294116842342,87
Tanzania;TZA;116992999511,59;127160946763,03;133500817705,84;151987436389,56;171137212069,96;194561908147,28;212790081675,95;238369618090,94;259466130648,38;280425918025,03
Ghana;GHA;148971921853,89;147108962613,39;155172026665,00;169624926668,07;187633394275,74;192835182975,95;214867175690,96;238944324844,80;255315535798,76;276354650562,23
Bulgaria;BGR;132010035906,56;143021674686,20;151832826641,71;161416529330,85;177424012151,29;179335119678,68;201543561665,62;231539013106,01;241758558129,68;264773991018,96
Guatemala;GTM;142691589570,06;149695818679,90;158386820298,22;167560724569,43;183966419962,47;190017068738,28;208106516253,14;232272538658,50;249132470255,79;264474716594,80
Kuwait;KWT;173580844573,04;167620163110,37;193471105512,37;222102130573,67;225238748759,91;182442653725,59;220886348976,42;252627730077,86;257354882134,39;256830086700,12
Azerbaijan;AZE;145466446321,07;141837623390,76;141069643128,85;151909515454,01;167158106107,00;153047750160,24;203884098954,12;228717780540,74;240157347500,69;255978795310,91
Slovak Republic;SVK;163560289937,06;162206967889,12;164513828512,12;171626766869,26;185362871936,43;192849134106,20;208880643198,04;223223380690,81;238504448129,55;255817817489,38
Cote d'Ivoire;CIV;111175876370,33;117748858729,37;125384273717,75;135827506244,13;155523648459,42;160302939789,70;179178274483,43;204237508213,33;225235088913,67;244407043373,23
Oman;OMN;150899641148,99;146364894955,71;152544979822,97;173709314188,19;171026532860,21;159026046195,66;174253981507,44;201584895347,81;211317905980,11;220050947267,55
Serbia;SRB;110336653309,67;116145024614,71;121357054729,47;128959381818,70;142981510856,39;144970128544,86;159957380264,66;174877126875,26;190375744361,82;209915940223,32
Croatia;HRV;98640632987,79;105974174461,38;112711335186,21;118820296677,40;130581473283,13;123671816269,51;143252591939,27;161768265159,85;175984781670,00;187806348373,77
Panama;PAN;107892257844,09;121987463715,67;137443278042,00;135303491321,19;140760298314,01;115991046900,55;134415382039,56;159506658380,05;177473406612,85;186966392940,24
Congo, Dem. Rep.;COD;69621148328,85;76732432237,32;87367059544,43;96286291906,37;108499465225,81;109045443618,14;130243843399,28;151981795496,98;171005766912,84;186833135551,67
Tunisia;TUN;122945411435,23;126742366551,33;131519908969,82;139320230402,97;148376650136,52;142707604074,23;149936984870,62;164920776695,98;170922172724,96;177419626655,92
Caribbean small states;CSS;88626556608,00;86398108448,73;90529434160,88;93380648999,06;98306002294,51;89872844012,28;104573449542,97;129644883755,77;147978035571,74;174613524421,52
Nepal;NPL;82282973616,27;83198953169,46;100972413071,51;111086748720,57;121063056101,57;122690085757,45;134000165871,65;151637641435,80;160208624971,65;170096869228,54
Uganda;UGA;82192547854,59;84011710476,55;86701094761,93;96102592476,74;104978215231,62;112575267254,24;123267190675,87;138114236789,42;150720488734,49;163837595822,05
Cameroon;CMR;79618697991,10;85068226004,87;90902832851,28;99492538001,31;108174199180,86;114420802871,50;129022200845,74;143385827220,98;153370677810,36;162845309666,95
Lithuania;LTU;83997132844,86;88542980893,58;95488665471,02;102878073082,26;114028537683,96;115963490767,14;128830296666,03;142993189030,38;146206359207,24;157150520997,22
Costa Rica;CRI;84436792703,78;93454856085,34;100716906502,79;106583345257,91;116687612853,57;111257806526,91;120695515793,09;131743438291,44;143338340238,73;154219710536,78
Turkmenistan;TKM;79032357701,45;82167730668,85;86403378533,53;95629644637,51;105309565740,43;104880701502,71;116551626881,62;132602544199,71;146028887635,91;152946223418,89
Cambodia;KHM;69267932041,22;75271078913,03;81171550322,39;91413678746,19;101425852442,98;99390356590,64;105674090069,14;119015567874,09;129472162766,31;140580072943,66
Bolivia;BOL;78777661969,41;84385715066,61;96545462750,11;103029675562,86;107078496355,74;98004280065,35;112858166789,69;125263793321,54;133770780373,29;138902580580,69
Paraguay;PRY;78091620933,42;83295458687,92;88597623578,68;90877352659,24;92185455052,43;94492100805,03;102977624582,58;110513599071,11;120213942441,32;128353419878,21
Jordan;JOR;85588348124,05;87534483836,19;94825378274,47;94604332953,10;100626037104,86;104080200892,95;101616771489,09;111743557894,99;119103273959,64;125019343386,99
Uruguay;URY;74664260125,48;77184684714,74;79989594692,07;82780785900,31;87589105834,49;87439329471,12;99971136649,79;111903244231,61;116790310507,26;123332335624,22
Slovenia;SVN;64680613571,98;69334151784,94;74761997302,46;80094210481,81;88491661031,40;87812276776,07;96790459870,84;107883106099,67;114403545993,99;120202434629,03
Sudan;SDN;168783439920,87;184446367323,92;181639236414,64;185735342775,64;178285831253,72;156677404687,45;156168260027,79;165699797555,15;121136486067,81;107325139957,43
Bahrain;BHR;65822385264,13;67525760773,33;75332756767,74;78150406940,04;83979879528,45;78668739612,82;82671890844,15;94039487080,40;101201588299,58;106776082045,15
Georgia;GEO;45707843451,65;48700949298,43;51144255243,84;55979867879,61;62387596154,46;62509091761,26;70150781357,73;83387742354,07;93154469864,03;104402557696,26
Libya;LBY;116940831227,11;112487606548,72;121473194597,02;129305467689,06;112565780546,27;77180930238,71;90199384483,20;88656571302,45;101174573849,54;102993304184,47
Luxembourg;LUX;61453765784,17;65980119592,34;68570197215,64;70910323890,93;75250600111,64;76953191626,44;87543117438,51;93643147424,94;94916112738,78;102180990717,51
Senegal;SEN;43696523920,87;46623906157,94;50051751949,26;53794440219,25;59654664271,82;63008586953,60;71874343647,33;79963390334,37;86367675226,14;94552533446,06
Zambia;ZMB;54731517891,62;56043424009,92;59154463773,68;61869932575,77;62232372185,47;60176229608,24;68672119764,94;77401882826,59;84491503485,39;90033312819,58
Macao SAR, China;MAC;70022650971,92;70409197227,45;78445696792,69;85476958220,82;84779825204,49;39219148014,21;50626336573,19;43600459870,74;79074346817,43;88119857289,24
El Salvador;SLV;49059658944,82;52431584608,90;55705683541,02;57245624328,43;60709614751,35;58560345367,20;67623210509,86;74584847418,37;80003362561,65;84069963659,78
Latvia;LVA;47733302374,58;50560278535,67;53695043701,69;57464098005,64;61623338377,08;62223400359,40;69560319491,85;75101731516,17;78495987718,93;81699623488,01
Honduras;HND;44760245066,23;48814099005,31;53891605878,83;55011170333,96;57523228910,71;54491208505,29;63827909343,12;71211813748,76;76412349804,37;81041415057,12
Mali;MLI;43326258239,04;48588600863,90;51646498097,61;54874814697,01;59410075204,04;59141995694,54;62603712698,52;69419933564,91;75310419236,78;80991580402,85
Bosnia and Herzegovina;BIH;41689899626,65;44798625490,36;46722359237,75;50324993987,09;54961732518,32;54009573841,64;59335302230,92;67671426889,46;71692427234,40;69521962129,19
Armenia;ARM;29315404012,98;31629425029,46;35949453239,37;38233278956,68;44365671088,18;43552758696,81;47164867556,76;56893939956,67;63833326718,21;69234115090,81
Burkina Faso;BFA;31763609326,84;36383537964,25;40632395597,01;42375183591,23;46790489892,50;51134807594,63;54689652540,57;59465954759,40;63429415199,27;68201683192,87
Estonia;EST;39094673598,34;42036565381,39;45458506883,43;49073092321,77;53853984376,48;54074496993,41;58895787305,75;64477259538,15;64116051940,55;67685292223,14
Guinea;GIN;22706690384,72;27228620630,03;33281442968,48;36138275786,62;40482435336,72;44550864730,00;51260936277,82;57097045519,86;62429641817,09;67563663630,92
Mongolia;MNG;31655860016,54;32468148776,24;34940501306,66;39516811632,46;44456622358,24;45560002626,38;50053145881,86;56320298556,33;62677497750,94;67315454531,64
Guyana;GUY;8656533235,34;8793308785,64;9408659458,01;9848942431,25;10694269146,49;13581364399,68;18646751960,82;32628001896,99;45225503511,81;66408625273,33
Zimbabwe;ZWE;38109087385,87;40834213264,93;104359364850,16;39306151205,71;49040227035,15;54509873679,96;50310711158,79;57206472522,11;62427821459,54;65234986601,47
Benin;BEN;30961687093,89;33245555033,16;34745526935,48;36720416644,31;40076293090,69;42407309934,64;46467947984,77;52893642973,70;58278092338,37;64135878351,04
Albania;ALB;33840534295,42;35112520544,85;37368669301,97;39259416336,60;42219281243,08;41182550727,60;45343111967,18;54011348459,47;58378809433,54;63760906790,78
Nicaragua;NIC;33507510695,45;36662825386,15;39320729869,79;37985543205,76;38779457707,51;41191106018,32;47305035692,44;52476847102,53;56772319876,14;60231278859,83
Madagascar;MDG;38053900319,12;40755587226,83;41438402026,52;42523532549,94;45498322775,56;43150154155,61;46835678113,56;52260133350,51;56416214294,22;60207191110,53
Chad;TCD;34824885498,16;32044391367,17;32763179281,54;35993735511,69;39237861358,96;37652981933,49;43413141699,66;52506266944,34;56635362494,07;60124620441,28
Mozambique;MOZ;34986722839,81;37700803807,92;36130431041,87;38466735958,20;41503339393,06;43454882038,81;46205728911,29;51660358771,45;56429069635,00;58863787008,29
Kyrgyz Republic;KGZ;25086544783,75;28429771863,07;31241590663,09;30789434119,89;34955978964,94;34834094213,25;39301901464,03;45879594489,23;51814586970,37;57864889798,00
Cyprus;CYP;27066559062,76;30552082853,67;33018000534,59;35607200077,20;39790089303,17;38671633329,12;43920515191,98;51058053141,57;53034544401,93;57562280958,79
Tajikistan;TJK;25719495030,48;25833179135,52;27412327692,50;28565171550,94;32973431253,35;35623586501,77;39727222945,46;45964333259,26;51570629197,81;57254340774,03
Gabon;GAB;29199274580,03;29399527403,80;31914848308,04;34140586624,11;36169088370,76;33623700958,88;44025399637,05;48596848106,45;51576945114,23;54611645902,54
Niger;NER;23372915804,26;24586198437,68;25897150477,07;28311897040,12;32566723569,67;35501317683,90;38850574077,52;46573248098,00;49053754855,84;54470927080,20
Rwanda;RWA;20727872754,85;22245840208,44;24012956927,81;26543175894,40;29845483474,68;29854116562,14;36505744034,40;42300132773,99;47437550805,90;52904129982,21
Botswana;BWA;31162419272,12;36266220081,59;35589435395,48;36293825138,63;37220081094,05;36179872025,33;43131382324,77;48741318383,35;52115142882,63;51779485612,78
Papua New Guinea;PNG;32085428349,07;34168434981,41;36009673547,90;36731754152,09;39010933635,62;38277259227,68;39820324163,12;45094122323,67;48497108860,94;51703809951,01
Trinidad and Tobago;TTO;40254444954,36;38222751751,57;38670271303,44;38982018420,55;40174163569,88;36714254092,02;41607493861,93;45056280789,40;47343724129,56;49288895345,52
Moldova;MDA;26084243383,87;28945251498,72;31001699470,15;32129614587,59;35735831415,94;35646566427,38;40707659297,26;41603848485,70;43618128785,72;44718897540,02
Congo, Rep.;COG;24035779100,75;20973960925,50;23783312191,58;30668141085,69;32125052982,77;27446361623,02;36903988991,09;40118334632,16;42354479275,57;44497676671,90
Malawi;MWI;23972522499,71;24755675039,64;24899003391,06;25268494147,21;27587532191,91;29563756336,02;33831623933,42;36577488742,43;38610812096,72;40266877390,59
Mauritius;MUS;25271892595,16;27385974517,63;28581043971,04;29194635198,91;30417972159,65;26999298652,96;28793361692,74;33527657824,49;36473533933,32;39108930779,91
Malta;MLT;17048724114,92;18634286620,24;21376244915,88;23313166925,73;25896969589,95;25767995596,36;29431961612,76;32124230942,01;34864378137,20;38690348766,41
Mauritania;MRT;15775044970,72;19136599346,54;22539620070,57;23550299208,18;25064433257,73;26408154182,63;27635403694,63;31617666980,55;34886849205,09;37588430731,73
Haiti;HTI;31841589929,64;34719284269,45;36124687052,15;35046384798,49;35947134169,55;34891691692,71;35658760079,88;37558509107,27;38184773698,67;37477453598,13
Namibia;NAM;24849167508,21;24880312287,18;24787610435,46;25396298133,51;25469883811,20;25525198217,63;27287889637,59;30811603933,06;33338484196,99;35411935194,18
Jamaica;JAM;25182384150,21;26411115826,85;27651386383,77;28300462384,30;28468528877,04;25451633088,19;27176946493,57;30634742220,35;32563744657,73;33111437467,45
Iceland;ISL;16280817030,14;17939410954,59;19106258173,12;20174853794,36;21822649369,37;20447442733,99;22951036648,86;28049039292,07;30156746997,15;31664276580,46
Togo;TGO;14404273148,10;15189500689,04;15997658425,32;17071648256,69;18743273071,27;20432437140,65;22881375789,02;25924518421,08;28578384313,65;30820719452,21
Somalia;SOM;18520522054,21;21071187605,58;23819083389,06;23976304650,27;24817512990,24;24216384566,55;24049850383,67;26467106675,80;28575608117,45;30429157389,61
Sierra Leone;SLE;18016747683,94;18985500633,47;18458970768,55;19947639782,94;20916106901,88;21532775187,77;23085417016,37;26045397865,60;28523326333,47;30381570304,57
Kosovo;XKX;15584664246,44;16277272490,60;16801441908,43;18004535069,95;19429240274,56;18854775198,35;22080260569,63;24666524708,69;26593569203,42;28438508914,52
West Bank and Gaza;PSE;24638355542,62;26474303888,94;27203915977,43;28400606241,97;30494072108,71;28609644862,70;27878126229,88;31085036506,33;30736464884,97;23119472384,42
Montenegro;MNE;10164312427,43;11325280166,46;12249532194,12;13385900703,37;15015922356,56;13050163141,90;14902552328,59;17207930165,98;19077865681,63;20823256231,78
Bahamas, The;BHS;12384087314,25;12528462792,39;13386673556,91;13834540972,57;14254082379,94;10769304826,42;12313201284,25;14625921166,60;15614176109,96;16532024282,48
Fiji;FJI;10778358104,43;11015803386,24;11778089335,18;12130548808,68;12094688035,26;10279861871,07;9795237652,40;12570554288,78;14002772365,94;14890504165,01
Eswatini;SWZ;9592033992,45;9757468696,69;9944607527,38;9979139798,06;10911800832,59;11089502959,42;12000822909,81;13000358552,00;13932070260,58;14645762517,37
Maldives;MDV;7653295112,38;8320672192,78;9059366711,74;10360598102,11;11255471307,33;6741118651,23;9834087308,93;11991813788,73;13010501267,78;14009213969,33
Suriname;SUR;9622189492,37;8507962995,53;10430160138,12;10704591610,35;11976970718,45;10376871438,02;11405269573,36;12512408102,71;13291848753,16;13999818895,38
Burundi;BDI;8809630118,71;8676714933,88;8759744160,76;8935565006,19;9549333185,98;9923498550,19;10847771568,53;11836036574,13;12588790450,84;13343073380,48
Liberia;LBR;6245654129,68;7087452920,22;8073192528,52;8899159431,28;9580659050,43;8545642458,19;8095196890,78;9089317746,93;9857427644,16;10579672532,06
Gambia, The;GMB;4427516234,00;4596488156,17;4775616329,45;5465023570,59;5949796066,18;6366827515,11;7155630814,36;8086871862,08;8779798182,33;9508853052,23
Bermuda;BMU;4819676018,15;5102072630,23;5447424722,85;5488075615,46;5832740627,90;5481895565,20;5968282122,23;6807865902,97;7399642886,20;7738130438,59
Lesotho;LSO;6386751308,41;6268088273,65;5649078944,01;5747871432,63;5674505764,44;5721443976,34;5755132494,47;6312660804,57;6659272958,63;7008693666,19
Guinea-Bissau;GNB;3090468072,91;3342056307,08;3907712651,79;3955763485,57;4401364261,13;4651372626,07;5113853513,57;5784423379,21;6260059859,57;6720047738,84
Timor-Leste;TLS;3745031233,40;4164913918,53;4334794317,48;4544057140,38;5927904534,78;8131467055,83;9214418303,23;7843625021,66;6653072513,86;6664784682,19
Barbados;BRB;4967346924,58;5036587066,92;5014752559,24;5207517102,66;5275547370,24;4457727484,35;4425161020,07;5586046010,37;6023965379,53;6404076764,65
Belize;BLZ;3398772050,20;3428786070,74;3404254285,09;3622682735,49;4063289991,48;3758836239,11;4616637500,27;5423194808,07;5682898282,44;6294776296,62
Andorra;AND;3661620791,67;3833543204,91;3915698820,58;4152298789,84;4395348448,44;4031176207,57;4649508748,84;5457407403,47;5799854946,97;6140390670,09
Cabo Verde;CPV;3470693995,24;3767658154,17;4070196657,81;4064409366,40;4444817983,53;3526877323,02;3970664151,46;4927702546,11;5380239592,52;5911044392,74
St. Lucia;LCA;2510450378,67;2688565160,90;2844567883,77;3085990648,94;3324021510,09;2658092445,89;3409978230,91;4397900557,97;4656839898,51;4955061818,05
Seychelles;SYC;2376133656,96;2727776636,94;2939950358,57;3105218260,85;3340635866,26;3057830378,36;2975737695,03;3593088408,94;3806479822,17;4033634641,49
Comoros;COM;2143329245,54;2328363278,33;2532916585,08;2549756539,99;2605735931,67;2616330804,02;2821917777,55;3108308931,75;3318845023,62;3514286024,88
Antigua and Barbuda;ATG;1876287100,28;1918178442,05;1938005691,20;2229888663,56;2425768090,57;2054603457,84;2377570792,26;2779062289,10;2948949156,32;3150959938,89
Grenada;GRD;1515375642,69;1609230218,34;1736355201,91;1848147434,93;1907436734,75;1670787843,20;1785107389,64;2052376386,20;2225731369,78;2363736937,20
Solomon Islands;SLB;1505046895,24;1603745490,75;1682669410,84;1768482075,11;1829103725,63;1790742946,55;1920525664,43;2106879008,44;2240672978,68;2353128856,82
St. Vincent and the Grenadines;VCT;1324041018,13;1435017818,66;1434420868,98;1541347208,56;1597875532,78;1587736725,01;1666116701,34;1840427498,44;2008208590,20;2140311608,06
Samoa;WSM;1146480554,16;1249779114,75;1290050365,21;1311559076,01;1392558354,39;1367201018,49;1328426324,85;1347620477,33;1524676297,76;1708678659,26
St. Kitts and Nevis;KNA;1265579265,23;1328207470,16;1391674596,20;1447606595,66;1525099297,08;1280771310,01;1257766533,81;1486796318,78;1606969716,58;1665025419,54
Dominica;DMA;851449231,90;901049875,84;869638618,01;1027375174,54;1087477952,76;962493750,74;1062394694,30;1256467931,15;1349220673,89;1410211841,81
Vanuatu;VUT;789213371,05;824371706,54;876162788,44;922227587,13;967833106,34;931732926,14;959152084,30;1080824944,57;1108914310,27;1180786247,77
Kiribati;KIR;269913079,51;291791468,05;308152392,02;326179430,66;342386077,03;341842564,47;387761958,16;434376227,30;461941012,76;498029490,19
Micronesia, Fed. Sts.;FSM;363851742,25;369087659,09;378789451,81;387467102,53;409938118,69;408436301,39;440323830,73;458009181,57;476777887,98;491818179,32
Marshall Islands;MHL;201307890,61;208309785,85;219584916,87;236940414,69;266025061,38;262085491,94;277401943,19;293856595,45;292451749,92;307823221,27
Nauru;NRU;109763217,82;115641068,73;110636035,38;111790898,04;123279953,74;127393790,14;142810518,12;157507758,53;164230287,42;171162307,26
Aruba;ABW;3881688126,58;3926948315,28;4080273098,10;4278670721,55;4270959490,77;3146467247,47;3844492519,40;4469402564,47;4827649139,54;
Afghanistan;AFG;77274315044,03;76798750471,40;83362066704,48;89369237677,51;97800733345,01;100094011602,73;85767546197,75;86148711748,68;91271896894,46;
Bhutan;BTN;7564534468,09;8430904600,98;8808682290,34;9093982075,93;9873190251,02;9605861812,93;10436528611,92;11763540572,39;12781872654,68;
Curacao;CUW;3797467729,82;3775988376,26;3895735784,59;3923336909,94;3998528544,69;3377382703,97;3834193240,62;4432992604,20;4785486256,09;
Eritrea;ERI;;;;;;;;;;
Greenland;GRL;3132039400;3309838081;3370887241;3462603876;3613246575;3663823636;3926166709;4290395274;4483270596;
Korea, Rep.;KOR;1,93385E+12;2,02697E+12;2,10365E+12;2,22044E+12;2,27067E+12;2,34003E+12;2,50666E+12;2,64726E+12;2,6996E+12;
Lebanon;LBN;1,10329E+11;1,19762E+11;1,2914E+11;1,31564E+11;1,25803E+11;92719310021;66328931530;70616088355;72600709792;
Palau;PLW;314263509,2;315854159,9;311029185,4;318504519,3;324408898,5;308998425,9;278538180,3;294462365,9;310784315,6;
San Marino;SMR;1718776396;1755447198;1774575169;1880099391;1991185509;1919532829;2217650250;2563404992;;
Syrian Arab Republic;SYR;;;62769892394;67658923201;71281640286;78675556558;99337766654;1,072E+11;1,09717E+11;
Tonga;TON;580530288,9;624718688,2;656269919,9;675919873,3;685643603,6;707144886,4;742114235,1;776659170,8;821375658,7;
Tuvalu;TUV;41393609,29;44057326,2;45940206,06;47645549,29;55123835,93;53265739,91;54568264,11;56566149,33;60378318,78;
Venezuela, RB;VEN;;;;;;;;;;
Virgin Islands (U.S.);VIR;3508580171;3598624006;3636133957;3931910844;4269082993;4437509717;4964620107;5248832929;;
Yemen, Rep.;YEM;;;;;;;;;;
